department,staff_full_name,date_of_interaction,client,type_of_stakeholder,category_of_stakeholder,stakeholder_full_name,is_in_contact_db,nature_of_interaction,additional_details,action_notes,trace_score
TSL,John,12/1/2024,Testing,Partner,Key,Dr. Jane Smith,Yes,Meeting,Discussed collaboration,Send follow-up email,5
Pipeline SBU,Femi Obiomah ,1/21/2025,Lekki Worldwide Investment Company ,Business Clients,Loyalists/Cheerleader (Supportive),Engr Ayodele Agunloye ,Yes,Project,,Follow up on managing expectations ,4
Pipeline SBU,Femi Obiomah ,1/27/2025,Petrolex Oil and Gas Limited ,Business Clients,Loyalists/Cheerleader (Supportive),Olufemi Fadina ,Yes,Project,,Provide periodic updates on Project Hercules ,5
Pipeline SBU,Femi Obiomah ,1/27/2025,NNPC LTD ,Business Clients,Blend/Mixture,Yusuf Jimoh ,Yes,Courtesy,,Maintain continuous communication ,3
HR,Solomon Asare,1/27/2025,Budget Outsourcing Limited,Vendors/Partners,Observers (Neutral),Amanda Essel Donkor,Yes,Other,Joint verification of contract drivers monthly time log sheet,Assisted in processing the monthly salary of contract staff for payment ,4
Facility,Sylvester Awuley,1/27/2025,Maple Court ,Vendors/Partners,Blend/Mixture,Yvonne Nyarko,Yes,Other,Engagement on Guest house Tenancy Agreement ,Initiate the renewal and review of the New Tenancy Agreement for the year 2025 for Accra Guest House.,4
Facility,Sylvester Awuley,1/16/2025,Freedies Cooling Enterprise ,Vendors/Partners,Blend/Mixture,Fred Ansah,Yes,Other,Carry out corrective maintenance on the air conditioners at the Ghana Head Office and Accra Guest House.,Corrective maintenance completed; proceed with processing service fees.,4
Facility,Sylvester Awuley,1/30/2025,Mr Martin Nwosu/ Ghana Head Office Property Landlord ,Vendors/Partners,Loyalists/Cheerleader (Supportive),Mr Martin Nwosu,Yes,Project,Engagement for corrective maintenance on certain areas of the office building.,Provide a cost estimate for the landlord�s consideration and action.,4
Facility,Sylvester Awuley,1/20/2025,Cummins Ghana ,Vendors/Partners,Blend/Mixture,Robert P. Sackeyfio,Yes,Business Development,,Review the Generator Service Log and Service Level Agreement (SLA) for the year 2025.,4
SBM,"Orhu, Marcus",2/5/2025,APS,Vendors/Partners,Loyalists/Cheerleader (Supportive),Jean-Laurent Louis,Yes,Project,,Follow up meetings and response to project requirement from APS,4
Pipeline SBU,JOKE AGBENIKE,2/4/2025,LEKKI WORLDWIDE INVESTMENTS LIMITED,Vendors/Partners,Loyalists/Cheerleader (Supportive),Mr. Adeniyi Akinlusi,No,Project,,"Discussed
Introduction to TSL and our businesses
The Pipeline Project
Our Outstanding Payment
Other business opportunities within the free zone",4
IT,"Adebola, Fayemi",1/29/2025,Chipset Alliance,Vendors/Partners,Loyalists/Cheerleader (Supportive),"Mr. David, Olugbemi",Yes,Other,Procurement of Workstations (Laptops and Monitors),Laptops and monitors have been successfully delivered.,5
IT,"Adebola, Fayemi",1/28/2025,Chipset Alliance,Vendors/Partners,Loyalists/Cheerleader (Supportive),"Mr., David, Leketty",Yes,Other,Upadete on the website ,Enhancements have been made to the Search Engine Optimization (SEO) and website domain links to improve operational efficiency and optimize performance.,5
IT,"Adebola, Fayemi",1/22/2025,Teddev Systems Support,Vendors/Partners,Unchartered,"Mr., Semiu, Arogundabe",Yes,Other,Renewal of Sophos appliance license across all Location,"The payment for the Sophos appliance license renewal across all locations for our server gateway security has been completed. However, we are still awaiting confirmation of payment from their end.",5
IT,"Adebola, Fayemi",2/4/2025,Direct Dynamics,Vendors/Partners,Loyalists/Cheerleader (Supportive),"Mr., Anthony, Waweru",Yes,Other,Jethub Application Training with Finance Team,"A training session was conducted with Anthony Waweru (Application Process Developer) and Lawrence (Financial Process Developer) for the TSL Finance team. The session focused on efficiently navigating the Jethub Application to enhance operational efficiency.

Additional training sessions will be scheduled.",5
IT,"Adebola, Fayemi",1/27/2025,Direct Dynamics,Vendors/Partners,Loyalists/Cheerleader (Supportive),"Mr., Anthony, Waweru",Yes,Other,Navision Support,Engagement with the Development Team on Entity Accounts and Bank Linkage in MS Navision,5
IT,"Adebola, Fayemi",1/31/2025,Accurate System,Vendors/Partners,Loyalists/Cheerleader (Supportive),"Mr., Frank, Nweke",Yes,Other,Change of consumables of Sharp Dx25100N,"We engaged regarding the repair of the Sharp printer at the HQ office. The printer consumables, including the developer, drum kit, and blade, were replaced, and the unit was serviced to restore optimal functionality.",5
IT,"Alexandria, Ladipo",2/3/2025,Chert Systems,Vendors/Partners,Loyalists/Cheerleader (Supportive),"Miss., Boluwatife, Ajayi",Yes,Other,Server maintenance and overhaul,We are undertaking a comprehensive overhaul of our servers to establish a secure and scalable on-premises data storage center.,5
IT,"SELORM, GHAMLI",1/16/2025,GET4LESS,Vendors/Partners,Loyalists/Cheerleader (Supportive),"MRS, MARGRET, APRAKU",Yes,Other,Procurement of Laptops.,Laptops have been successfully delivered.,5
IT,"THEOPHILUS, LARTEY",1/25/2025,NEXTDOOR TECHNOLOGIES,Vendors/Partners,Loyalists/Cheerleader (Supportive),"Miss., JENNIFER, YAWSON ",Yes,Other,Procurement of Router and CAT 6 Cables,Router and CAT 6 Cables have been successfully delivered,5
IT,"SELORM, GHAMLI ",1/7/2025,GET4LESS,Vendors/Partners,Loyalists/Cheerleader (Supportive),"Mrs., MARGRET, APRAKU",Yes,Other,TONER PROCUREMENT FOR AKOSOMBO AND TAKORADI,Toners have been delivered and distributed to the various location.,5
IT,"THEOPHILUS, LARTEY",1/13/2025,DDS,Vendors/Partners,Loyalists/Cheerleader (Supportive),"Mr., SAMUEL, OPARE DARKO",Yes,Other,"INTERECTIONS REGARDING NETWORK UPGRADE (BUIPE, MAAME WATER AND TAKORADI)",To obtain the project implementation timeline for the designated locations.,5
CLM,"Vivian, Nneke",1/29/2025,NPSC,Business Clients,Loyalists/Cheerleader (Supportive),"Mr, Chukwunwike Odumodu",Yes,Business Development,,Follow-up Visits,4
CLM,Vivian Nneke,2/5/2025,NPSC,Business Clients,Loyalists/Cheerleader (Supportive),Mr Chukwunweike Odumodu,Yes,Project,,Follow-up visits,4
CLM,Vivian Nneke,1/30/2025,NRL,Business Clients,Observers (Neutral),Mr Mayowa Awobajo,Yes,Business Development,,Follow-up calls,3
CLM,Vivian Nneke,2/17/2025,NPSC,Business Clients,Loyalists/Cheerleader (Supportive),Mr Chukwunweike Odumodu,Yes,Project,,Follow-up visits or calls,4
HR,Solomon Asare,2/24/2025,Budget Outsourcing Limited,Vendors/Partners,Observers (Neutral),Miss Amanda Donkor,Yes,Other,Joint verification of contract drivers monthly time log sheet,Assisted in processing the monthly salary of contract staff for payment,4
Storage SBU (PHC),Oluwasijibomi Olabisi,2/26/2025,Angies Perceptions,Vendors/Partners,Loyalists/Cheerleader (Supportive),Ms Angela Adigwe,Yes,Courtesy,To confirm status of unpaid invoice,Related to Finance,4
Storage SBU (PHC),Oluwasijibomi Olabisi,2/14/2025,Nigerian Midstream and Downstream Petroleum Regulatory Agency,Regulators,Blend/Mixture,Engr Nosa,Yes,Other,To follow up with Depot License Renewal,Further followup scheduled,5
Storage SBU (PHC),Oluwasijibomi Olabisi,2/26/2025,Da Crown Metal Works,Vendors/Partners,Blend/Mixture,Mr Oluseyi Ajayi,Yes,Other,He came to complete an outsourced job,NA,4
Storage SBU (PHC),FRANCIS ENEKWENCHI,2/4/2025,NNPC RETAIL LTD,Business Clients,Loyalists/Cheerleader (Supportive),MR ONYEKACHI ELIJAH,Yes,Business Development,,NIL,5
Storage SBU (PHC),FRANCIS ENEKWENCHI,2/10/2025,NNPC RETAIL LTD,Business Clients,Loyalists/Cheerleader (Supportive),ONYEKACHI ELIJAH,Yes,Business Development,,NIL,5
Storage SBU (PHC),FRANCIS ENEKWENCHI,2/18/2025,NNPC RETAIL LTD,Business Clients,Loyalists/Cheerleader (Supportive),ONYEKACHI ELIJAH,Yes,Business Development,,MIL,5
Storage SBU (PHC),FRANCIS ENEKWENCHI,2/3/2025,NMDPRA,Regulators,Loyalists/Cheerleader (Supportive),JABIR INUWA SURAJO,Yes,Business Development,,NIL,5
Storage SBU (PHC),FRANCIS ENEKWENCHI,2/12/2025,NMDPRA,Regulators,Loyalists/Cheerleader (Supportive),JABIR INUWA SURAJO,Yes,Business Development,NIL,NIL,5
