﻿Stakeholder Name,Organization,Stake_Org Type,Designation,Contact of Stakeholder,Email of Stakeholder,Location of Stakeholder,Influence level,Interest level,Who is the staff managing this stakeholder? (Surname, Name)
HON. DEINMA FIBERESIMA,DAGIL AND SONS CLEANING SERVICES,Vendor/Partner,DIRECTOR- DAGIL AND SONS ENTERPRISES,08033413456,deinmafiberesima@gmail.com,"Plot 18 Pipe Line Estate, Phase 2 Reclamation Road, Bundu Ama Port Harcourt, Rivers State","Low Influence - Relevant individuals who currently have limited control or inputs into our contracts, invoices, operations, or business.",High Interest - Individuals who actively support and are involved in our business and/ or have a positive outlook to our business,1,
"Kuntu-Blankson, Peter",Portmasters Limited,Vendor/Partner,Owner (CEO),+233 54 413 1310,info@portmasterz.com,Nyamekye-Accra /Awoshie -Accra ,"Low Influence - Relevant individuals who currently have limited control or inputs into our contracts, invoices, operations, or business.",High Interest - Individuals who actively support and are involved in our business and/ or have a positive outlook to our business,1,
"Akumpele, Gifty ",Royal Nelgifts Ent. Ltd,Vendor/Partner,Owner/CEO,+2332492403636,royalnelgifts@gmail.com,"Tema Comm. 1, Opposite GWCL","Low Influence - Relevant individuals who currently have limited control or inputs into our contracts, invoices, operations, or business.",High Interest - Individuals who actively support and are involved in our business and/ or have a positive outlook to our business,1,
ISAH UMAR,NPF(NIGERIAN POLICE FORCE),Regulators,SP/DISTRICT POLICE OFFICE(DPO),08034052409,NIL,"CENTRAL POLICE STATION, (PORT HARCOURT CITY)","High Influence - Individuals who can influence our contracts, operations, invoices, performance, brand perception or positively disposed towards TSL",High Interest - Individuals who actively support and are involved in our business and/ or have a positive outlook to our business,1,
Atakele Fortune,Nigerian Army.,Vendor/Partner,Commanding Officer/ 133 Special Force Battalion. ,08039230425,fortuneobaroatakele@gmail.com,"Azare, Bauchi State.","High Influence - Individuals who can influence our contracts, operations, invoices, performance, brand perception or positively disposed towards TSL",High Interest - Individuals who actively support and are involved in our business and/ or have a positive outlook to our business,1,
"MBAKWE, CHIDINMA",ARM PENSION,Business Clients,COMMERCIAL TRUST ADVISOR,08089253366,Chidinma.Mbakwe@arm.com.ng,"LAGOS, NIGERIA","Low Influence - Relevant individuals who currently have limited control or inputs into our contracts, invoices, operations, or business.",High Interest - Individuals who actively support and are involved in our business and/ or have a positive outlook to our business,1,
OKORJI UTCHAY,UTCHAY OKORJI ASSOCIATES,Regulators,VA;UATION TEAM,09086595424,uoa.associates@gmail.com,"lagos, ng","High Influence - Individuals who can influence our contracts, operations, invoices, performance, brand perception or positively disposed towards TSL",High Interest - Individuals who actively support and are involved in our business and/ or have a positive outlook to our business,1,
Chike Anii,NRL,Business Clients,Aviation Manager,08060572385,Chikere Ani <Chikere.Ani@nnpcgroup.com>,Lagos,"Low Influence - Relevant individuals who currently have limited control or inputs into our contracts, invoices, operations, or business.",High Interest - Individuals who actively support and are involved in our business and/ or have a positive outlook to our business,1,
"SMITH,FRANCIS",F&R SERVICES,Regulators,TAX CONSULTANT,+233 20 8159 221,frsers@yahoo.com,ACCRA,"Low Influence - Relevant individuals who currently have limited control or inputs into our contracts, invoices, operations, or business.",High Interest - Individuals who actively support and are involved in our business and/ or have a positive outlook to our business,1,
"AKROFI-QUARCOO, FRANK",FIRST BANK GROUP,Business Clients,RELATIONSHIP MANAGER,+233 577 735 409,frank.akrofi@firstbankgroup.com,ACCRA,"Low Influence - Relevant individuals who currently have limited control or inputs into our contracts, invoices, operations, or business.",Low Interest - Individuals who have limited or no support or interest in what we do.,1,
"NYAME, CALINA",PETRA ADVANTAGE PENSION SCHEME,Regulators,RELATIONSHIP MANAGER,+233 202 527 772   ,calina.nyame@petraonline.com,ACCRA,"Low Influence - Relevant individuals who currently have limited control or inputs into our contracts, invoices, operations, or business.",Low Interest - Individuals who have limited or no support or interest in what we do.,1,
"KWAMI, HILLARY SELORM",SOCIAL SECURITY & NATIONAL INSURANCE TRUST,Regulators,RELATIONSHIP MANAGER,+233 208 366 527   ,htomety@ssnit.org.gh,ACCRA,"Low Influence - Relevant individuals who currently have limited control or inputs into our contracts, invoices, operations, or business.",Low Interest - Individuals who have limited or no support or interest in what we do.,1,
"BLABOE, ISHMAEL KAMETEY",ZENITH BANK GHANA,Business Clients,RELATIONSHIP MANAGER,+233 559 051 048   ,Ishmael.kameteyblaboe@zenithbank.com.gh,ACCRA,"Low Influence - Relevant individuals who currently have limited control or inputs into our contracts, invoices, operations, or business.",Low Interest - Individuals who have limited or no support or interest in what we do.,1,
"AGAGLO, GODWIN",FIDELITY GHANA,Business Clients,RELATIONSHIP MANAGER,+233 577 735 409   ,gaglago@myfidelitybank.net,ACCRA,"Low Influence - Relevant individuals who currently have limited control or inputs into our contracts, invoices, operations, or business.",Low Interest - Individuals who have limited or no support or interest in what we do.,1,
"NARTEY, HELINA",FIRST NATIONAL BANK,Business Clients,RELATIONSHIP MANAGER,+233 240 611 382   ,hnartey@firstatlanticbank.com.gh,ACCRA,"Low Influence - Relevant individuals who currently have limited control or inputs into our contracts, invoices, operations, or business.",Low Interest - Individuals who have limited or no support or interest in what we do.,1,
"AYEDZI, VICENTIA",UNITED BANK OF AFRICA,Business Clients,RELATIONSHIP MANAGER,+233 249 966 945   ,vincentia.ayedzi@ubagroup.com,ACCRA,"Low Influence - Relevant individuals who currently have limited control or inputs into our contracts, invoices, operations, or business.",Low Interest - Individuals who have limited or no support or interest in what we do.,1,
"KETEKU, ERIC",ECOBANK GHANA,Business Clients,RELATIONSHIP MANAGER,+233 242 143 433   ,EKETEKU@ecobank.com,ACCRA,"Low Influence - Relevant individuals who currently have limited control or inputs into our contracts, invoices, operations, or business.",Low Interest - Individuals who have limited or no support or interest in what we do.,1,
"BOAKYE, ENOCH",BOST,Business Clients,RELATIONSHIP MANAGER,+233 244 662 939   ,enoch.yiadom@bost.gov.gh,ACCRA,"High Influence - Individuals who can influence our contracts, operations, invoices, performance, brand perception or positively disposed towards TSL",High Interest - Individuals who actively support and are involved in our business and/ or have a positive outlook to our business,1,
"OPPONG, JAMES",KPMG,Regulators,AUDIT PARTNER,+233 547 037 044   ,joppong@kpmg.com,ACCRA,"High Influence - Individuals who can influence our contracts, operations, invoices, performance, brand perception or positively disposed towards TSL",Low Interest - Individuals who have limited or no support or interest in what we do.,1,
"SMITH, FRANCIS",GHANA REVENUE AUTHORITY,Regulators,TAX CONSULTANT,+233 20 8159 221,frsers@yahoo.com,ACCRA,"Low Influence - Relevant individuals who currently have limited control or inputs into our contracts, invoices, operations, or business.",Low Interest - Individuals who have limited or no support or interest in what we do.,1,
Shoda Adewale,Nigerian Army,Vendor/Partner,Commander,08032976155,Nil,lagos,"Low Influence - Relevant individuals who currently have limited control or inputs into our contracts, invoices, operations, or business.",Low Interest - Individuals who have limited or no support or interest in what we do.,1,
Engr Jimoh Yusuf ,NPSC,Business Clients,PROW Superintendent,+2348120726585,yusuf.jimoh@nnpcgroup.com,Mosimi,"Low Influence - Relevant individuals who currently have limited control or inputs into our contracts, invoices, operations, or business.",High Interest - Individuals who actively support and are involved in our business and/ or have a positive outlook to our business,1,
Oluwaseyi Odedare,Grand Digitech Limited,Vendor/Partner,MD/CEO,+2348034692017,grand.digitech@gmail.com,Abeokuta,"High Influence - Individuals who can influence our contracts, operations, invoices, performance, brand perception or positively disposed towards TSL",High Interest - Individuals who actively support and are involved in our business and/ or have a positive outlook to our business,1,
Barrister Agunbiade,Iba Oloja Community,Community,Legal Adviser,+2348142305551,Not available for now,Lagos,"High Influence - Individuals who can influence our contracts, operations, invoices, performance, brand perception or positively disposed towards TSL",Low Interest - Individuals who have limited or no support or interest in what we do.,1,
Ademola Tijani Adams,Ago Ausa,Community,Baale,+2348057037109,NA,"Ago Ausa, Along Ikorodu Itoikin Road","High Influence - Individuals who can influence our contracts, operations, invoices, performance, brand perception or positively disposed towards TSL",High Interest - Individuals who actively support and are involved in our business and/ or have a positive outlook to our business,1,
